Emp_ID,Name,Department,City,Experience,Salary,Rating,Bonus,Joining_Date,Gender
1001,Ravi,HR,Madurai,1,62000,3.8,6200,02-04-2019,Male
1002,Hari,IT,Madurai,7,32000,4.1,3200,15-08-2024,Male
1003,Ravi,Sales,Trichy,4,80000,4.2,8000,17-04-2024,Male
1004,Vijay,HR,Madurai,7,70000,4.3,7000,16-10-2019,Male
1005,Nisha,Finance,Trichy,7,40000,4.2,4000,15-01-2019,Male
1006,Suresh,IT,Trichy,9,42000,4.2,4200,25-02-2023,Female
1007,Logesh,Operations,Madurai,4,36000,4.2,3600,22-06-2024,Male
1008,Vijay,Sales,Erode,2,76000,4.3,7600,11-08-2020,Male
1009,Vijay,Operations,Erode,6,54000,3.8,5400,25-02-2022,Male
1010,Ajith,Sales,Coimbatore,4,48000,4.8,4800,28-12-2023,Male
1011,Logesh,Finance,Salem,1,56000,4.2,5600,21-08-2021,Male
1012,Divya,Operations,Salem,10,68000,4.5,6800,14-05-2020,Female
1013,Ravi,Operations,Trichy,5,44000,4.8,4400,09-08-2019,Female
1014,Nisha,HR,Madurai,7,78000,4.8,7800,22-07-2024,Female
1015,Keerthi,Operations,Madurai,1,42000,4.5,4200,08-01-2019,Male
1016,Manoj,Finance,Trichy,7,86000,3.5,8600,26-04-2022,Male
1017,Arun,Finance,Salem,5,70000,4,7000,09-01-2024,Female
1018,Kumar,Marketing,Chennai,5,92000,4.2,9200,14-01-2018,Male
1019,Deepa,Marketing,Chennai,6,48000,4.9,4800,19-09-2019,Female
1020,Nisha,Finance,Madurai,1,42000,3.5,4200,25-06-2023,Male
1021,Sneha,IT,Trichy,2,38000,4,3800,12-05-2024,Male
1022,Vijay,Marketing,Trichy,9,48000,4.5,4800,01-05-2023,Male
1023,Suresh,Operations,Erode,4,66000,4.3,6600,18-01-2024,Female
1024,Ravi,HR,Chennai,8,42000,4.3,4200,21-10-2023,Male
1025,Gokul,HR,Chennai,9,56000,3.8,5600,06-08-2024,Male
1026,Kavin,IT,Trichy,2,32000,4.1,3200,26-07-2020,Female
1027,Gokul,Marketing,Salem,4,44000,4.1,4400,12-06-2023,Female
1028,Arun,Operations,Salem,4,40000,4.3,4000,26-07-2022,Female
1029,Arun,IT,Salem,8,34000,4.3,3400,11-08-2022,Male
1030,Deepa,Sales,Madurai,4,52000,4.5,5200,15-10-2020,Male
1031,Priya,Sales,Trichy,8,58000,3.8,5800,14-02-2021,Male
1032,Ravi,HR,Salem,1,38000,4.6,3800,24-01-2024,Female
1033,Kumar,Sales,Chennai,7,34000,4.5,3400,25-05-2020,Female
1034,Deepa,Operations,Erode,5,82000,4.6,8200,07-02-2023,Male
1035,Logesh,Marketing,Erode,5,54000,4.8,5400,17-02-2020,Male
1036,Gokul,Sales,Trichy,1,34000,4.8,3400,08-07-2021,Male
1037,Kumar,IT,Trichy,9,38000,3.8,3800,21-08-2018,Male
1038,Gokul,Marketing,Chennai,2,58000,4.9,5800,12-07-2022,Male
1039,Kavin,Finance,Madurai,10,94000,4.3,9400,14-09-2022,Male
1040,Anitha,Sales,Coimbatore,7,44000,3.8,4400,23-12-2020,Male
1041,Priya,Marketing,Madurai,10,40000,4.8,4000,21-02-2023,Female
1042,Ravi,Finance,Coimbatore,6,36000,4,3600,27-06-2019,Female
1043,Hari,Operations,Trichy,5,94000,4.2,9400,04-02-2024,Male
1044,Arun,Operations,Trichy,5,42000,4,4200,05-07-2019,Female
1045,Kavin,HR,Erode,10,54000,4.2,5400,28-02-2021,Female
1046,Meena,Finance,Chennai,1,38000,3.5,3800,25-10-2020,Female
1047,Ajith,Marketing,Erode,5,48000,4.5,4800,20-06-2019,Male
1048,Deepa,IT,Coimbatore,2,46000,4.9,4600,04-04-2019,Male
1049,Anitha,Finance,Chennai,3,32000,4.3,3200,27-10-2022,Male
1050,Deepa,Sales,Trichy,2,72000,4,7200,19-10-2020,Male
1051,Hari,HR,Erode,3,80000,4.3,8000,28-10-2019,Female
1052,Arun,Sales,Chennai,5,48000,4.6,4800,13-10-2020,Male
1053,Anitha,HR,Madurai,8,72000,3.5,7200,28-03-2020,Male
1054,Priya,Finance,Coimbatore,6,62000,4.8,6200,21-06-2022,Female
1055,Arun,Finance,Madurai,6,30000,4.9,3000,06-01-2024,Female
1056,Nisha,Operations,Coimbatore,2,82000,4.5,8200,06-06-2018,Male
1057,Vijay,IT,Erode,10,52000,4.5,5200,27-04-2022,Male
1058,Nisha,Sales,Chennai,9,52000,4.3,5200,31-10-2023,Female
1059,Anitha,Operations,Salem,5,92000,4.3,9200,26-05-2019,Female
1060,Divya,Sales,Erode,9,44000,4.5,4400,26-04-2021,Male
